<?xml version="1.0" encoding="UTF-8"?>
<beans xmlns="http://www.springframework.org/schema/beans" xmlns:xsi="http://www.w3.org/2001/XMLSchema-instance"
	xmlns:context="http://www.springframework.org/schema/context" xmlns:mvc="http://www.springframework.org/schema/mvc"
	xsi:schemaLocation="http://www.springframework.org/schema/beans http://www.springframework.org/schema/beans/spring-beans-4.1.xsd
		http://www.springframework.org/schema/context http://www.springframework.org/schema/context/spring-context-4.1.xsd
		http://www.springframework.org/schema/mvc http://www.springframework.org/schema/mvc/spring-mvc-4.1.xsd">
    <!--
        使Spring支持自动检测组件，如注解的Controller
    -->
    <context:component-scan base-package="com" />
    <context:component-scan base-package="cn" />
    <context:component-scan base-package="org.activiti" />
    <!-- <context:component-scan base-package="com.hello" use-default-filters="true">
		<context:include-filter type="annotation" expression="org.springframework.stereotype.Controller"/>
	</context:component-scan>
	<context:component-scan base-package="cn.shencom.activiti" use-default-filters="true">
		<context:include-filter type="annotation" expression="org.springframework.stereotype.Controller"/>
	</context:component-scan> -->
	 
    <!-- 启动Spring MVC的注解功能，完成请求和注解POJO的映射 -->
	<bean class="org.springframework.web.servlet.mvc.annotation.DefaultAnnotationHandlerMapping" />
	<bean class="org.springframework.web.servlet.view.InternalResourceViewResolver">
		<property name="viewClass" value="org.springframework.web.servlet.view.JstlView" />
	</bean>

	<!-- 对模型视图名称的解析，即在模型视图名称添加前后缀 order=1 如果freekmarker 没有匹配的界面则按通用视图 -->
	<bean class="org.springframework.web.servlet.view.InternalResourceViewResolver">
		<property name="prefix" value="/webpage/" />
		<property name="suffix" value=".jsp" />
		<property name="viewClass" value="org.springframework.web.servlet.view.JstlView" />
		<property name="order" value="1" />
	</bean>
	
	<mvc:annotation-driven />
	
	<!-- 对静态资源文件的访问， 将无法mapping到Controller的path交给default servlet handler处理 -->
	<mvc:default-servlet-handler />
 
 
 	<!-- spring和MyBatis完美整合，不需要mybatis的配置映射文件 -->
	<bean id="sqlSessionFactory" class="org.mybatis.spring.SqlSessionFactoryBean">
		<property name="dataSource" ref="dataSource" />
		<!-- 自动扫描mapping.xml文件 -->
		<property name="mapperLocations" value="classpath:org/activiti/extsys/mapper/*.xml;classpath:org/activiti/service/mapper/*.xml"></property>
	</bean>

	<!-- DAO接口所在包名，Spring会自动查找其下的类 -->
	<bean class="org.mybatis.spring.mapper.MapperScannerConfigurer">
		<property name="basePackage" value="org.activiti.extsys.dao;org.activiti.service.dao" />
		<property name="sqlSessionFactoryBeanName" value="sqlSessionFactory" />
	</bean>
	
	<!-- 支持上传文件 --> 
	<bean id="multipartResolver" class="org.springframework.web.multipart.commons.CommonsMultipartResolver">
		 <property name="maxUploadSize" value="104857600" />
	     <property name="maxInMemorySize" value="4096" />
    	 <property name="defaultEncoding" value="UTF-8"></property>
	</bean>
</beans>
