<?xml version="1.0" encoding="UTF-8"?>
<beans xmlns="http://www.springframework.org/schema/beans" xmlns:xsi="http://www.w3.org/2001/XMLSchema-instance"
	xmlns:context="http://www.springframework.org/schema/context" xmlns:mvc="http://www.springframework.org/schema/mvc"
	xsi:schemaLocation="http://www.springframework.org/schema/beans http://www.springframework.org/schema/beans/spring-beans-4.1.xsd
		http://www.springframework.org/schema/context http://www.springframework.org/schema/context/spring-context-4.1.xsd
		http://www.springframework.org/schema/mvc http://www.springframework.org/schema/mvc/spring-mvc-4.1.xsd">
		
	<!-- 扫描activiti在线编辑器的跳转@RestController -->
	<context:component-scan base-package="com.rest.editor" use-default-filters="false">
		<context:include-filter type="annotation" expression="org.springframework.stereotype.Controller" />
	</context:component-scan>

	<!-- ==================== Activiti配置 start =================== -->
	<!-- 单例json对象 -->
    <bean id="objectMapper" class="com.fasterxml.jackson.databind.ObjectMapper"/>
    
    <!-- 引擎内部提供的UUID生成器，依赖fastxml的java-uuid-generator.jar模块 -->
    <!-- <bean id="uuidGenerator" class="org.activiti.engine.impl.persistence.StrongUuidGenerator" /> -->
	
	<!-- activiti的processEngine配置 -->
	<bean id="processEngineConfiguration" class="org.activiti.spring.SpringProcessEngineConfiguration">
	  	<property name="dataSource" ref="dataSource" />
	  	<property name="transactionManager" ref="transactionManager" />
	  	<!-- 没有表创建表 -->
	  	<property name="databaseSchemaUpdate" value="false" />
	  	<!-- 是否激活Activiti的任务调度 -->
	  	<property name="jobExecutorActivate" value="false" />
	  	<!-- 是否开启工作的数据日志 -->
	    <!-- <property name="enableDatabaseEventLogging" value="true" /> -->
		<!-- 生历史记录任务变量 -->
	    <property name="history" value="full"/>
        <property name="processDefinitionCacheLimit" value="10"/>
        <!-- mail -->
        <!-- <property name="mailServerHost" value="localhost"/>
        <property name="mailServerUsername" value="kafeitu"/>
        <property name="mailServerPassword" value="000000"/>
        <property name="mailServerPort" value="2025"/> -->
	    <!-- UUID作为主键生成策略  -->
        <!-- <property name="idGenerator" ref="uuidGenerator" /> -->
        
        <!-- 生成流程图的字体 -->
        <property name="activityFontName" value="宋体"/>
        <property name="labelFontName" value="宋体"/>
        
        <!-- 缓存支持
        <property name="processDefinitionCache">
            <bean class="me.kafeitu.demo.activiti.util.cache.DistributedCache" />
        </property>-->

        <!-- 自动部署 -->
        <!-- <property name="deploymentResources">
            <list>
                <value>classpath*:/deployments/*</value>
            </list>
        </property> -->

        <!-- 自定义表单字段类型 -->
        <!-- <property name="customFormTypes">
            <list>
                <bean class="me.kafeitu.demo.activiti.activiti.form.UsersFormType"/>
            </list>
        </property> -->
        
        <!-- 自定义用户表和用户组表（未实现，现已用视图方式） -->
        <!-- <property name="customSessionFactories">  
			<list>  
            	<bean class="cn.shencom.activiti.custom.factory.CustomUserEntityManagerFactory" />  
            	<bean class="cn.shencom.activiti.custom.factory.CustomGroupEntityManagerFactory" />  
        	</list>  
     	</property> --> 
  	</bean>
    
    <!-- 加载activiti引擎processEngine --> 
	<bean id="processEngine" class="org.activiti.spring.ProcessEngineFactoryBean" destroy-method="destroy">
  		<property name="processEngineConfiguration" ref="processEngineConfiguration" />
	</bean>
	
	<!-- activiti的7大服务接口 -->
	<bean id="repositoryService" factory-bean="processEngine" factory-method="getRepositoryService" />
	<bean id="runtimeService" factory-bean="processEngine" factory-method="getRuntimeService" />
	<bean id="taskService" factory-bean="processEngine" factory-method="getTaskService" />
	<bean id="formService" factory-bean="processEngine" factory-method="getFormService" />
	<bean id="historyService" factory-bean="processEngine" factory-method="getHistoryService" />
	<bean id="managementService" factory-bean="processEngine" factory-method="getManagementService" />
	<bean id="identityService" factory-bean="processEngine" factory-method="getIdentityService" />
	<!-- ==================== Activiti配置 end =================== -->
</beans>